<?xml version='1.0' encoding='UTF-8' standalone='yes'?>
<PROJECT>
 <TIMESTAMP FILEVER="907" MODIFIED="1768446469" CREATED="1768446469" CUSTID="1211083910" RELEASE="900"/>
 <VARIANTS/>
 <DEBUG>
  <System_Scope CHCVAL="5." CHBPOS="0" TRIGACDC="1" CHBINV="FALSE" CHDPOS="0" CHAVAL="5." TRIGCURSORS="FALSE" TRIGAUTO="TRUE" TRIGSRC="0" CHAINV="FALSE" CHCACDC="0" HORIZVAL="1.e-003" CHAPOS="0" CHDVAL="5." TRIGLEVEL="0" SCROLLPOS="0." TRIGONESHOT="FALSE" CHDINV="FALSE" CHASUM="FALSE" CHCPOS="0" CHCINV="FALSE" CHAACDC="0" TRIGEDGE="0" CHBACDC="0" CHBVAL="5." HORIZSRC="0" CHCSUM="FALSE" CHDACDC="0"/>
 </DEBUG>
 <SCRIPTS>
  <STRING>PWRRAILS.DAT</STRING>
 </SCRIPTS>
</PROJECT>
